Name,Label,Types,Radius
Radian90Depth_ManSuit180001.png,hard,ManSuit,ninty
Radian90Depth_ManSuit180002.png,hard,ManSuit,ninty
Radian90Depth_ManSuit180003.png,hard,ManSuit,ninty
Radian90Depth_ManSuit180004.png,hard,ManSuit,ninty
Radian90Depth_ManSuit180005.png,hard,ManSuit,ninty
Radian90Depth_ManSuit180006.png,hard,ManSuit,ninty
Radian90Depth_ManSuit180007.png,hard,ManSuit,ninty
Radian90Depth_ManSuit180008.png,hard,ManSuit,ninty
Radian90Depth_ManSuit180009.png,hard,ManSuit,ninty
Radian90Depth_ManSuit180010.png,hard,ManSuit,ninty
Radian90Depth_ManSuit180011.png,hard,ManSuit,ninty
Radian90Depth_ManSuit180012.png,hard,ManSuit,ninty
Radian90Depth_ManSuit180013.png,hard,ManSuit,ninty
Radian90Depth_ManSuit180014.png,hard,ManSuit,ninty
Radian90Depth_ManSuit180015.png,hard,ManSuit,ninty
Radian90Depth_ManSuit180016.png,hard,ManSuit,ninty
Radian90Depth_ManSuit180017.png,hard,ManSuit,ninty
Radian90Depth_ManSuit180018.png,hard,ManSuit,ninty
Radian90Depth_ManSuit180019.png,hard,ManSuit,ninty
Radian90Depth_ManSuit180020.png,hard,ManSuit,ninty
Radian90Depth_ManSuit180021.png,hard,ManSuit,ninty
Radian90Depth_ManSuit180022.png,hard,ManSuit,ninty
Radian90Depth_ManSuit180023.png,hard,ManSuit,ninty
Radian90Depth_ManSuit180024.png,hard,ManSuit,ninty
Radian90Depth_ManSuit180025.png,hard,ManSuit,ninty
Radian90Depth_ManSuit180026.png,hard,ManSuit,ninty
Radian90Depth_ManSuit180027.png,hard,ManSuit,ninty
Radian90Depth_ManSuit180028.png,hard,ManSuit,ninty
Radian90Depth_ManSuit180029.png,hard,ManSuit,ninty
Radian90Depth_ManSuit180030.png,hard,ManSuit,ninty
Radian90Depth_ManSuit180031.png,hard,ManSuit,ninty
Radian90Depth_ManSuit180032.png,hard,ManSuit,ninty
Radian90Depth_ManSuit180033.png,hard,ManSuit,ninty
Radian90Depth_ManSuit180034.png,hard,ManSuit,ninty
Radian90Depth_ManSuit180035.png,hard,ManSuit,ninty
Radian90Depth_ManSuit180036.png,hard,ManSuit,ninty
Radian90Depth_ManSuit180037.png,hard,ManSuit,ninty
Radian90Depth_ManSuit180038.png,hard,ManSuit,ninty
Radian90Depth_ManSuit180039.png,hard,ManSuit,ninty
Radian90Depth_ManSuit180040.png,hard,ManSuit,ninty
Radian90Depth_ManSuit180041.png,hard,ManSuit,ninty
Radian90Depth_ManSuit180042.png,hard,ManSuit,ninty
Radian90Depth_ManSuit180043.png,hard,ManSuit,ninty
Radian90Depth_ManSuit180044.png,hard,ManSuit,ninty
Radian90Depth_ManSuit180045.png,hard,ManSuit,ninty
Radian90Depth_ManSuit180046.png,hard,ManSuit,ninty
Radian90Depth_ManSuit180047.png,hard,ManSuit,ninty
Radian90Depth_ManSuit180048.png,hard,ManSuit,ninty
Radian90Depth_ManSuit180049.png,hard,ManSuit,ninty
Radian90Depth_ManSuit180050.png,hard,ManSuit,ninty
Radian90Depth_ManSuit180051.png,hard,ManSuit,ninty
Radian90Depth_ManSuit180052.png,hard,ManSuit,ninty
Radian90Depth_ManSuit180053.png,hard,ManSuit,ninty
Radian90Depth_ManSuit180054.png,hard,ManSuit,ninty
Radian90Depth_ManSuit180055.png,hard,ManSuit,ninty
Radian90Depth_ManSuit180056.png,hard,ManSuit,ninty
Radian90Depth_ManSuit180057.png,hard,ManSuit,ninty
Radian90Depth_ManSuit180058.png,hard,ManSuit,ninty
Radian90Depth_ManSuit180059.png,hard,ManSuit,ninty
Radian90Depth_ManSuit180060.png,hard,ManSuit,ninty
Radian90Depth_ManSuit180061.png,hard,ManSuit,ninty
Radian90Depth_ManSuit180062.png,hard,ManSuit,ninty
Radian90Depth_ManSuit180063.png,hard,ManSuit,ninty
Radian90Depth_ManSuit180064.png,hard,ManSuit,ninty
Radian90Depth_ManSuit180065.png,hard,ManSuit,ninty
Radian90Depth_ManSuit180066.png,hard,ManSuit,ninty
Radian90Depth_ManSuit180067.png,hard,ManSuit,ninty
Radian90Depth_ManSuit180068.png,hard,ManSuit,ninty
Radian90Depth_ManSuit180069.png,hard,ManSuit,ninty
Radian90Depth_ManSuit180070.png,hard,ManSuit,ninty
Radian90Depth_ManSuit180071.png,hard,ManSuit,ninty
Radian90Depth_ManSuit180072.png,hard,ManSuit,ninty
Radian90Depth_ManSuit180073.png,hard,ManSuit,ninty
Radian90Depth_ManSuit180074.png,hard,ManSuit,ninty
Radian90Depth_ManSuit180075.png,hard,ManSuit,ninty
Radian90Depth_ManSuit180076.png,hard,ManSuit,ninty
Radian90Depth_ManSuit180077.png,hard,ManSuit,ninty
Radian90Depth_ManSuit180078.png,hard,ManSuit,ninty
Radian90Depth_ManSuit180079.png,hard,ManSuit,ninty
Radian90Depth_ManSuit180080.png,hard,ManSuit,ninty
Radian90Depth_ManSuit180081.png,hard,ManSuit,ninty
Radian90Depth_ManSuit180082.png,hard,ManSuit,ninty
Radian90Depth_ManSuit180083.png,hard,ManSuit,ninty
Radian90Depth_ManSuit180084.png,hard,ManSuit,ninty
Radian90Depth_ManSuit180085.png,hard,ManSuit,ninty
Radian90Depth_ManSuit180086.png,hard,ManSuit,ninty
Radian90Depth_ManSuit180087.png,hard,ManSuit,ninty
Radian90Depth_ManSuit180088.png,hard,ManSuit,ninty
Radian90Depth_ManSuit180089.png,hard,ManSuit,ninty
Radian90Depth_ManSuit180090.png,hard,ManSuit,ninty
Radian90Depth_ManSuit180091.png,hard,ManSuit,ninty
Radian90Depth_ManSuit180092.png,hard,ManSuit,ninty
Radian90Depth_ManSuit180093.png,hard,ManSuit,ninty
Radian90Depth_ManSuit180094.png,hard,ManSuit,ninty
Radian90Depth_ManSuit180095.png,hard,ManSuit,ninty
Radian90Depth_ManSuit180096.png,hard,ManSuit,ninty
Radian90Depth_ManSuit180097.png,hard,ManSuit,ninty
Radian90Depth_ManSuit180098.png,hard,ManSuit,ninty
Radian90Depth_ManSuit180099.png,hard,ManSuit,ninty
Radian90Depth_ManSuit180100.png,hard,ManSuit,ninty
Radian90Depth_ManSuit190001.png,hard,ManSuit,ninty
Radian90Depth_ManSuit190002.png,hard,ManSuit,ninty
Radian90Depth_ManSuit190003.png,hard,ManSuit,ninty
Radian90Depth_ManSuit190004.png,hard,ManSuit,ninty
Radian90Depth_ManSuit190005.png,hard,ManSuit,ninty
Radian90Depth_ManSuit190006.png,hard,ManSuit,ninty
Radian90Depth_ManSuit190007.png,hard,ManSuit,ninty
Radian90Depth_ManSuit190008.png,hard,ManSuit,ninty
Radian90Depth_ManSuit190009.png,hard,ManSuit,ninty
Radian90Depth_ManSuit190010.png,hard,ManSuit,ninty
Radian90Depth_ManSuit190011.png,hard,ManSuit,ninty
Radian90Depth_ManSuit190012.png,hard,ManSuit,ninty
Radian90Depth_ManSuit190013.png,hard,ManSuit,ninty
Radian90Depth_ManSuit190014.png,hard,ManSuit,ninty
Radian90Depth_ManSuit190015.png,hard,ManSuit,ninty
Radian90Depth_ManSuit190016.png,hard,ManSuit,ninty
Radian90Depth_ManSuit190017.png,hard,ManSuit,ninty
Radian90Depth_ManSuit190018.png,hard,ManSuit,ninty
Radian90Depth_ManSuit190019.png,hard,ManSuit,ninty
Radian90Depth_ManSuit190020.png,hard,ManSuit,ninty
Radian90Depth_ManSuit190021.png,hard,ManSuit,ninty
Radian90Depth_ManSuit190022.png,hard,ManSuit,ninty
Radian90Depth_ManSuit190023.png,hard,ManSuit,ninty
Radian90Depth_ManSuit190024.png,hard,ManSuit,ninty
Radian90Depth_ManSuit190025.png,hard,ManSuit,ninty
Radian90Depth_ManSuit190026.png,hard,ManSuit,ninty
Radian90Depth_ManSuit190027.png,hard,ManSuit,ninty
Radian90Depth_ManSuit190028.png,hard,ManSuit,ninty
Radian90Depth_ManSuit190029.png,hard,ManSuit,ninty
Radian90Depth_ManSuit190030.png,hard,ManSuit,ninty
Radian90Depth_ManSuit190031.png,hard,ManSuit,ninty
Radian90Depth_ManSuit190032.png,hard,ManSuit,ninty
Radian90Depth_ManSuit190033.png,hard,ManSuit,ninty
Radian90Depth_ManSuit190034.png,hard,ManSuit,ninty
Radian90Depth_ManSuit190035.png,hard,ManSuit,ninty
Radian90Depth_ManSuit190036.png,hard,ManSuit,ninty
Radian90Depth_ManSuit190037.png,hard,ManSuit,ninty
Radian90Depth_ManSuit190038.png,hard,ManSuit,ninty
Radian90Depth_ManSuit190039.png,hard,ManSuit,ninty
Radian90Depth_ManSuit190040.png,hard,ManSuit,ninty
Radian90Depth_ManSuit190041.png,hard,ManSuit,ninty
Radian90Depth_ManSuit190042.png,hard,ManSuit,ninty
Radian90Depth_ManSuit190043.png,hard,ManSuit,ninty
Radian90Depth_ManSuit190044.png,hard,ManSuit,ninty
Radian90Depth_ManSuit190045.png,hard,ManSuit,ninty
Radian90Depth_ManSuit190046.png,hard,ManSuit,ninty
Radian90Depth_ManSuit190047.png,hard,ManSuit,ninty
Radian90Depth_ManSuit190048.png,hard,ManSuit,ninty
Radian90Depth_ManSuit190049.png,hard,ManSuit,ninty
Radian90Depth_ManSuit190050.png,hard,ManSuit,ninty
Radian90Depth_ManSuit190051.png,hard,ManSuit,ninty
Radian90Depth_ManSuit190052.png,hard,ManSuit,ninty
Radian90Depth_ManSuit190053.png,hard,ManSuit,ninty
Radian90Depth_ManSuit190054.png,hard,ManSuit,ninty
Radian90Depth_ManSuit190055.png,hard,ManSuit,ninty
Radian90Depth_ManSuit190056.png,hard,ManSuit,ninty
Radian90Depth_ManSuit190057.png,hard,ManSuit,ninty
Radian90Depth_ManSuit190058.png,hard,ManSuit,ninty
Radian90Depth_ManSuit190059.png,hard,ManSuit,ninty
Radian90Depth_ManSuit190060.png,hard,ManSuit,ninty
Radian90Depth_ManSuit190061.png,hard,ManSuit,ninty
Radian90Depth_ManSuit190062.png,hard,ManSuit,ninty
Radian90Depth_ManSuit190063.png,hard,ManSuit,ninty
Radian90Depth_ManSuit190064.png,hard,ManSuit,ninty
Radian90Depth_ManSuit190065.png,hard,ManSuit,ninty
Radian90Depth_ManSuit190066.png,hard,ManSuit,ninty
Radian90Depth_ManSuit190067.png,hard,ManSuit,ninty
Radian90Depth_ManSuit190068.png,hard,ManSuit,ninty
Radian90Depth_ManSuit190069.png,hard,ManSuit,ninty
Radian90Depth_ManSuit190070.png,hard,ManSuit,ninty
Radian90Depth_ManSuit190071.png,hard,ManSuit,ninty
Radian90Depth_ManSuit190072.png,hard,ManSuit,ninty
Radian90Depth_ManSuit190073.png,hard,ManSuit,ninty
Radian90Depth_ManSuit190074.png,hard,ManSuit,ninty
Radian90Depth_ManSuit190075.png,hard,ManSuit,ninty
Radian90Depth_ManSuit190076.png,hard,ManSuit,ninty
Radian90Depth_ManSuit190077.png,hard,ManSuit,ninty
Radian90Depth_ManSuit190078.png,hard,ManSuit,ninty
Radian90Depth_ManSuit190079.png,hard,ManSuit,ninty
Radian90Depth_ManSuit190080.png,hard,ManSuit,ninty
Radian90Depth_ManSuit190081.png,hard,ManSuit,ninty
Radian90Depth_ManSuit190082.png,hard,ManSuit,ninty
Radian90Depth_ManSuit190083.png,hard,ManSuit,ninty
Radian90Depth_ManSuit190084.png,hard,ManSuit,ninty
Radian90Depth_ManSuit190085.png,hard,ManSuit,ninty
Radian90Depth_ManSuit190086.png,hard,ManSuit,ninty
Radian90Depth_ManSuit190087.png,hard,ManSuit,ninty
Radian90Depth_ManSuit190088.png,hard,ManSuit,ninty
Radian90Depth_ManSuit190089.png,hard,ManSuit,ninty
Radian90Depth_ManSuit190090.png,hard,ManSuit,ninty
Radian90Depth_ManSuit190091.png,hard,ManSuit,ninty
Radian90Depth_ManSuit190092.png,hard,ManSuit,ninty
Radian90Depth_ManSuit190093.png,hard,ManSuit,ninty
Radian90Depth_ManSuit190094.png,hard,ManSuit,ninty
Radian90Depth_ManSuit190095.png,hard,ManSuit,ninty
Radian90Depth_ManSuit190096.png,hard,ManSuit,ninty
Radian90Depth_ManSuit190097.png,hard,ManSuit,ninty
Radian90Depth_ManSuit190098.png,hard,ManSuit,ninty
Radian90Depth_ManSuit190099.png,hard,ManSuit,ninty
Radian90Depth_ManSuit190100.png,hard,ManSuit,ninty
RadianDepth135_WomenSweater100001.png,medium,WomenSweater,onehundredandthirstfive
RadianDepth135_WomenSweater100002.png,medium,WomenSweater,onehundredandthirstfive
RadianDepth135_WomenSweater100003.png,medium,WomenSweater,onehundredandthirstfive
RadianDepth135_WomenSweater100004.png,medium,WomenSweater,onehundredandthirstfive
RadianDepth135_WomenSweater100005.png,medium,WomenSweater,onehundredandthirstfive
RadianDepth135_WomenSweater100006.png,medium,WomenSweater,onehundredandthirstfive
RadianDepth135_WomenSweater100007.png,medium,WomenSweater,onehundredandthirstfive
RadianDepth135_WomenSweater100008.png,medium,WomenSweater,onehundredandthirstfive
RadianDepth135_WomenSweater100009.png,medium,WomenSweater,onehundredandthirstfive
RadianDepth135_WomenSweater100010.png,medium,WomenSweater,onehundredandthirstfive
RadianDepth135_WomenSweater100011.png,medium,WomenSweater,onehundredandthirstfive
RadianDepth135_WomenSweater100012.png,medium,WomenSweater,onehundredandthirstfive
RadianDepth135_WomenSweater100013.png,medium,WomenSweater,onehundredandthirstfive
RadianDepth135_WomenSweater100014.png,medium,WomenSweater,onehundredandthirstfive
RadianDepth135_WomenSweater100015.png,medium,WomenSweater,onehundredandthirstfive
RadianDepth135_WomenSweater100016.png,medium,WomenSweater,onehundredandthirstfive
RadianDepth135_WomenSweater100017.png,medium,WomenSweater,onehundredandthirstfive
RadianDepth135_WomenSweater100018.png,medium,WomenSweater,onehundredandthirstfive
RadianDepth135_WomenSweater100019.png,medium,WomenSweater,onehundredandthirstfive
RadianDepth135_WomenSweater100020.png,medium,WomenSweater,onehundredandthirstfive
RadianDepth135_WomenSweater100021.png,medium,WomenSweater,onehundredandthirstfive
RadianDepth135_WomenSweater100022.png,medium,WomenSweater,onehundredandthirstfive
RadianDepth135_WomenSweater100023.png,medium,WomenSweater,onehundredandthirstfive
RadianDepth135_WomenSweater100024.png,medium,WomenSweater,onehundredandthirstfive
RadianDepth135_WomenSweater100025.png,medium,WomenSweater,onehundredandthirstfive
RadianDepth135_WomenSweater100026.png,medium,WomenSweater,onehundredandthirstfive
RadianDepth135_WomenSweater100027.png,medium,WomenSweater,onehundredandthirstfive
RadianDepth135_WomenSweater100028.png,medium,WomenSweater,onehundredandthirstfive
RadianDepth135_WomenSweater100029.png,medium,WomenSweater,onehundredandthirstfive
RadianDepth135_WomenSweater100030.png,medium,WomenSweater,onehundredandthirstfive
RadianDepth135_WomenSweater100031.png,medium,WomenSweater,onehundredandthirstfive
RadianDepth135_WomenSweater100032.png,medium,WomenSweater,onehundredandthirstfive
RadianDepth135_WomenSweater100033.png,medium,WomenSweater,onehundredandthirstfive
RadianDepth135_WomenSweater100034.png,medium,WomenSweater,onehundredandthirstfive
RadianDepth135_WomenSweater100035.png,medium,WomenSweater,onehundredandthirstfive
RadianDepth135_WomenSweater100036.png,medium,WomenSweater,onehundredandthirstfive
RadianDepth135_WomenSweater100037.png,medium,WomenSweater,onehundredandthirstfive
RadianDepth135_WomenSweater100038.png,medium,WomenSweater,onehundredandthirstfive
RadianDepth135_WomenSweater100039.png,medium,WomenSweater,onehundredandthirstfive
RadianDepth135_WomenSweater100040.png,medium,WomenSweater,onehundredandthirstfive
RadianDepth135_WomenSweater100041.png,medium,WomenSweater,onehundredandthirstfive
RadianDepth135_WomenSweater100042.png,medium,WomenSweater,onehundredandthirstfive
RadianDepth135_WomenSweater100043.png,medium,WomenSweater,onehundredandthirstfive
RadianDepth135_WomenSweater100044.png,medium,WomenSweater,onehundredandthirstfive
RadianDepth135_WomenSweater100045.png,medium,WomenSweater,onehundredandthirstfive
RadianDepth135_WomenSweater100046.png,medium,WomenSweater,onehundredandthirstfive
RadianDepth135_WomenSweater100047.png,medium,WomenSweater,onehundredandthirstfive
RadianDepth135_WomenSweater100048.png,medium,WomenSweater,onehundredandthirstfive
RadianDepth135_WomenSweater100049.png,medium,WomenSweater,onehundredandthirstfive
RadianDepth135_WomenSweater100050.png,medium,WomenSweater,onehundredandthirstfive
RadianDepth135_WomenSweater100051.png,medium,WomenSweater,onehundredandthirstfive
RadianDepth135_WomenSweater100052.png,medium,WomenSweater,onehundredandthirstfive
RadianDepth135_WomenSweater100053.png,medium,WomenSweater,onehundredandthirstfive
RadianDepth135_WomenSweater100054.png,medium,WomenSweater,onehundredandthirstfive
RadianDepth135_WomenSweater100055.png,medium,WomenSweater,onehundredandthirstfive
RadianDepth135_WomenSweater100056.png,medium,WomenSweater,onehundredandthirstfive
RadianDepth135_WomenSweater100057.png,medium,WomenSweater,onehundredandthirstfive
RadianDepth135_WomenSweater100058.png,medium,WomenSweater,onehundredandthirstfive
RadianDepth135_WomenSweater100059.png,medium,WomenSweater,onehundredandthirstfive
RadianDepth135_WomenSweater100060.png,medium,WomenSweater,onehundredandthirstfive
RadianDepth135_WomenSweater100061.png,medium,WomenSweater,onehundredandthirstfive
RadianDepth135_WomenSweater100062.png,medium,WomenSweater,onehundredandthirstfive
RadianDepth135_WomenSweater100063.png,medium,WomenSweater,onehundredandthirstfive
RadianDepth135_WomenSweater100064.png,medium,WomenSweater,onehundredandthirstfive
RadianDepth135_WomenSweater100065.png,medium,WomenSweater,onehundredandthirstfive
RadianDepth135_WomenSweater100066.png,medium,WomenSweater,onehundredandthirstfive
RadianDepth135_WomenSweater100067.png,medium,WomenSweater,onehundredandthirstfive
RadianDepth135_WomenSweater100068.png,medium,WomenSweater,onehundredandthirstfive
RadianDepth135_WomenSweater100069.png,medium,WomenSweater,onehundredandthirstfive
RadianDepth135_WomenSweater100070.png,medium,WomenSweater,onehundredandthirstfive
RadianDepth135_WomenSweater100071.png,medium,WomenSweater,onehundredandthirstfive
RadianDepth135_WomenSweater100072.png,medium,WomenSweater,onehundredandthirstfive
RadianDepth135_WomenSweater100073.png,medium,WomenSweater,onehundredandthirstfive
RadianDepth135_WomenSweater100074.png,medium,WomenSweater,onehundredandthirstfive
RadianDepth135_WomenSweater100075.png,medium,WomenSweater,onehundredandthirstfive
RadianDepth135_WomenSweater100076.png,medium,WomenSweater,onehundredandthirstfive
RadianDepth135_WomenSweater100077.png,medium,WomenSweater,onehundredandthirstfive
RadianDepth135_WomenSweater100078.png,medium,WomenSweater,onehundredandthirstfive
RadianDepth135_WomenSweater100079.png,medium,WomenSweater,onehundredandthirstfive
RadianDepth135_WomenSweater100080.png,medium,WomenSweater,onehundredandthirstfive
RadianDepth135_WomenSweater100081.png,medium,WomenSweater,onehundredandthirstfive
RadianDepth135_WomenSweater100082.png,medium,WomenSweater,onehundredandthirstfive
RadianDepth135_WomenSweater100083.png,medium,WomenSweater,onehundredandthirstfive
RadianDepth135_WomenSweater100084.png,medium,WomenSweater,onehundredandthirstfive
RadianDepth135_WomenSweater100085.png,medium,WomenSweater,onehundredandthirstfive
RadianDepth135_WomenSweater100086.png,medium,WomenSweater,onehundredandthirstfive
RadianDepth135_WomenSweater100087.png,medium,WomenSweater,onehundredandthirstfive
RadianDepth135_WomenSweater100088.png,medium,WomenSweater,onehundredandthirstfive
RadianDepth135_WomenSweater100089.png,medium,WomenSweater,onehundredandthirstfive
RadianDepth135_WomenSweater100090.png,medium,WomenSweater,onehundredandthirstfive
RadianDepth135_WomenSweater100091.png,medium,WomenSweater,onehundredandthirstfive
RadianDepth135_WomenSweater100092.png,medium,WomenSweater,onehundredandthirstfive
RadianDepth135_WomenSweater100093.png,medium,WomenSweater,onehundredandthirstfive
RadianDepth135_WomenSweater100094.png,medium,WomenSweater,onehundredandthirstfive
RadianDepth135_WomenSweater100095.png,medium,WomenSweater,onehundredandthirstfive
RadianDepth135_WomenSweater100096.png,medium,WomenSweater,onehundredandthirstfive
RadianDepth135_WomenSweater100097.png,medium,WomenSweater,onehundredandthirstfive
RadianDepth135_WomenSweater100098.png,medium,WomenSweater,onehundredandthirstfive
RadianDepth135_WomenSweater100099.png,medium,WomenSweater,onehundredandthirstfive
RadianDepth135_WomenSweater100100.png,medium,WomenSweater,onehundredandthirstfive
RadianDepth135_WomenSweater110001.png,medium,WomenSweater,onehundredandthirstfive
RadianDepth135_WomenSweater110002.png,medium,WomenSweater,onehundredandthirstfive
RadianDepth135_WomenSweater110003.png,medium,WomenSweater,onehundredandthirstfive
RadianDepth135_WomenSweater110004.png,medium,WomenSweater,onehundredandthirstfive
RadianDepth135_WomenSweater110005.png,medium,WomenSweater,onehundredandthirstfive
RadianDepth135_WomenSweater110006.png,medium,WomenSweater,onehundredandthirstfive
RadianDepth135_WomenSweater110007.png,medium,WomenSweater,onehundredandthirstfive
RadianDepth135_WomenSweater110008.png,medium,WomenSweater,onehundredandthirstfive
RadianDepth135_WomenSweater110009.png,medium,WomenSweater,onehundredandthirstfive
RadianDepth135_WomenSweater110010.png,medium,WomenSweater,onehundredandthirstfive
RadianDepth135_WomenSweater110011.png,medium,WomenSweater,onehundredandthirstfive
RadianDepth135_WomenSweater110012.png,medium,WomenSweater,onehundredandthirstfive
RadianDepth135_WomenSweater110013.png,medium,WomenSweater,onehundredandthirstfive
RadianDepth135_WomenSweater110014.png,medium,WomenSweater,onehundredandthirstfive
RadianDepth135_WomenSweater110015.png,medium,WomenSweater,onehundredandthirstfive
RadianDepth135_WomenSweater110016.png,medium,WomenSweater,onehundredandthirstfive
RadianDepth135_WomenSweater110017.png,medium,WomenSweater,onehundredandthirstfive
RadianDepth135_WomenSweater110018.png,medium,WomenSweater,onehundredandthirstfive
RadianDepth135_WomenSweater110019.png,medium,WomenSweater,onehundredandthirstfive
RadianDepth135_WomenSweater110020.png,medium,WomenSweater,onehundredandthirstfive
RadianDepth135_WomenSweater110021.png,medium,WomenSweater,onehundredandthirstfive
RadianDepth135_WomenSweater110022.png,medium,WomenSweater,onehundredandthirstfive
RadianDepth135_WomenSweater110023.png,medium,WomenSweater,onehundredandthirstfive
RadianDepth135_WomenSweater110024.png,medium,WomenSweater,onehundredandthirstfive
RadianDepth135_WomenSweater110025.png,medium,WomenSweater,onehundredandthirstfive
RadianDepth135_WomenSweater110026.png,medium,WomenSweater,onehundredandthirstfive
RadianDepth135_WomenSweater110027.png,medium,WomenSweater,onehundredandthirstfive
RadianDepth135_WomenSweater110028.png,medium,WomenSweater,onehundredandthirstfive
RadianDepth135_WomenSweater110029.png,medium,WomenSweater,onehundredandthirstfive
RadianDepth135_WomenSweater110030.png,medium,WomenSweater,onehundredandthirstfive
RadianDepth135_WomenSweater110031.png,medium,WomenSweater,onehundredandthirstfive
RadianDepth135_WomenSweater110032.png,medium,WomenSweater,onehundredandthirstfive
RadianDepth135_WomenSweater110033.png,medium,WomenSweater,onehundredandthirstfive
RadianDepth135_WomenSweater110034.png,medium,WomenSweater,onehundredandthirstfive
RadianDepth135_WomenSweater110035.png,medium,WomenSweater,onehundredandthirstfive
RadianDepth135_WomenSweater110036.png,medium,WomenSweater,onehundredandthirstfive
RadianDepth135_WomenSweater110037.png,medium,WomenSweater,onehundredandthirstfive
RadianDepth135_WomenSweater110038.png,medium,WomenSweater,onehundredandthirstfive
RadianDepth135_WomenSweater110039.png,medium,WomenSweater,onehundredandthirstfive
RadianDepth135_WomenSweater110040.png,medium,WomenSweater,onehundredandthirstfive
RadianDepth135_WomenSweater110041.png,medium,WomenSweater,onehundredandthirstfive
RadianDepth135_WomenSweater110042.png,medium,WomenSweater,onehundredandthirstfive
RadianDepth135_WomenSweater110043.png,medium,WomenSweater,onehundredandthirstfive
RadianDepth135_WomenSweater110044.png,medium,WomenSweater,onehundredandthirstfive
RadianDepth135_WomenSweater110045.png,medium,WomenSweater,onehundredandthirstfive
RadianDepth135_WomenSweater110046.png,medium,WomenSweater,onehundredandthirstfive
RadianDepth135_WomenSweater110047.png,medium,WomenSweater,onehundredandthirstfive
RadianDepth135_WomenSweater110048.png,medium,WomenSweater,onehundredandthirstfive
RadianDepth135_WomenSweater110049.png,medium,WomenSweater,onehundredandthirstfive
RadianDepth135_WomenSweater110050.png,medium,WomenSweater,onehundredandthirstfive
RadianDepth135_WomenSweater110051.png,medium,WomenSweater,onehundredandthirstfive
RadianDepth135_WomenSweater110052.png,medium,WomenSweater,onehundredandthirstfive
RadianDepth135_WomenSweater110053.png,medium,WomenSweater,onehundredandthirstfive
RadianDepth135_WomenSweater110054.png,medium,WomenSweater,onehundredandthirstfive
RadianDepth135_WomenSweater110055.png,medium,WomenSweater,onehundredandthirstfive
RadianDepth135_WomenSweater110056.png,medium,WomenSweater,onehundredandthirstfive
RadianDepth135_WomenSweater110057.png,medium,WomenSweater,onehundredandthirstfive
RadianDepth135_WomenSweater110058.png,medium,WomenSweater,onehundredandthirstfive
RadianDepth135_WomenSweater110059.png,medium,WomenSweater,onehundredandthirstfive
RadianDepth135_WomenSweater110060.png,medium,WomenSweater,onehundredandthirstfive
RadianDepth135_WomenSweater110061.png,medium,WomenSweater,onehundredandthirstfive
RadianDepth135_WomenSweater110062.png,medium,WomenSweater,onehundredandthirstfive
RadianDepth135_WomenSweater110063.png,medium,WomenSweater,onehundredandthirstfive
RadianDepth135_WomenSweater110064.png,medium,WomenSweater,onehundredandthirstfive
RadianDepth135_WomenSweater110065.png,medium,WomenSweater,onehundredandthirstfive
RadianDepth135_WomenSweater110066.png,medium,WomenSweater,onehundredandthirstfive
RadianDepth135_WomenSweater110067.png,medium,WomenSweater,onehundredandthirstfive
RadianDepth135_WomenSweater110068.png,medium,WomenSweater,onehundredandthirstfive
RadianDepth135_WomenSweater110069.png,medium,WomenSweater,onehundredandthirstfive
RadianDepth135_WomenSweater110070.png,medium,WomenSweater,onehundredandthirstfive
RadianDepth135_WomenSweater110071.png,medium,WomenSweater,onehundredandthirstfive
RadianDepth135_WomenSweater110072.png,medium,WomenSweater,onehundredandthirstfive
RadianDepth135_WomenSweater110073.png,medium,WomenSweater,onehundredandthirstfive
RadianDepth135_WomenSweater110074.png,medium,WomenSweater,onehundredandthirstfive
RadianDepth135_WomenSweater110075.png,medium,WomenSweater,onehundredandthirstfive
RadianDepth135_WomenSweater110076.png,medium,WomenSweater,onehundredandthirstfive
RadianDepth135_WomenSweater110077.png,medium,WomenSweater,onehundredandthirstfive
RadianDepth135_WomenSweater110078.png,medium,WomenSweater,onehundredandthirstfive
RadianDepth135_WomenSweater110079.png,medium,WomenSweater,onehundredandthirstfive
RadianDepth135_WomenSweater110080.png,medium,WomenSweater,onehundredandthirstfive
RadianDepth135_WomenSweater110081.png,medium,WomenSweater,onehundredandthirstfive
RadianDepth135_WomenSweater110082.png,medium,WomenSweater,onehundredandthirstfive
RadianDepth135_WomenSweater110083.png,medium,WomenSweater,onehundredandthirstfive
RadianDepth135_WomenSweater110084.png,medium,WomenSweater,onehundredandthirstfive
RadianDepth135_WomenSweater110085.png,medium,WomenSweater,onehundredandthirstfive
RadianDepth135_WomenSweater110086.png,medium,WomenSweater,onehundredandthirstfive
RadianDepth135_WomenSweater110087.png,medium,WomenSweater,onehundredandthirstfive
RadianDepth135_WomenSweater110088.png,medium,WomenSweater,onehundredandthirstfive
RadianDepth135_WomenSweater110089.png,medium,WomenSweater,onehundredandthirstfive
RadianDepth135_WomenSweater110090.png,medium,WomenSweater,onehundredandthirstfive
RadianDepth135_WomenSweater110091.png,medium,WomenSweater,onehundredandthirstfive
RadianDepth135_WomenSweater110092.png,medium,WomenSweater,onehundredandthirstfive
RadianDepth135_WomenSweater110093.png,medium,WomenSweater,onehundredandthirstfive
RadianDepth135_WomenSweater110094.png,medium,WomenSweater,onehundredandthirstfive
RadianDepth135_WomenSweater110095.png,medium,WomenSweater,onehundredandthirstfive
RadianDepth135_WomenSweater110096.png,medium,WomenSweater,onehundredandthirstfive
RadianDepth135_WomenSweater110097.png,medium,WomenSweater,onehundredandthirstfive
RadianDepth135_WomenSweater110098.png,medium,WomenSweater,onehundredandthirstfive
RadianDepth135_WomenSweater110099.png,medium,WomenSweater,onehundredandthirstfive
RadianDepth135_WomenSweater110100.png,medium,WomenSweater,onehundredandthirstfive
RadianDepth135_Tshirt30001.png,soft,Tshirt,onehundredandthirstfive
RadianDepth135_Tshirt30002.png,soft,Tshirt,onehundredandthirstfive
RadianDepth135_Tshirt30003.png,soft,Tshirt,onehundredandthirstfive
RadianDepth135_Tshirt30004.png,soft,Tshirt,onehundredandthirstfive
RadianDepth135_Tshirt30005.png,soft,Tshirt,onehundredandthirstfive
RadianDepth135_Tshirt30006.png,soft,Tshirt,onehundredandthirstfive
RadianDepth135_Tshirt30007.png,soft,Tshirt,onehundredandthirstfive
RadianDepth135_Tshirt30008.png,soft,Tshirt,onehundredandthirstfive
RadianDepth135_Tshirt30009.png,soft,Tshirt,onehundredandthirstfive
RadianDepth135_Tshirt30010.png,soft,Tshirt,onehundredandthirstfive
RadianDepth135_Tshirt30011.png,soft,Tshirt,onehundredandthirstfive
RadianDepth135_Tshirt30012.png,soft,Tshirt,onehundredandthirstfive
RadianDepth135_Tshirt30013.png,soft,Tshirt,onehundredandthirstfive
RadianDepth135_Tshirt30014.png,soft,Tshirt,onehundredandthirstfive
RadianDepth135_Tshirt30015.png,soft,Tshirt,onehundredandthirstfive
RadianDepth135_Tshirt30016.png,soft,Tshirt,onehundredandthirstfive
RadianDepth135_Tshirt30017.png,soft,Tshirt,onehundredandthirstfive
RadianDepth135_Tshirt30018.png,soft,Tshirt,onehundredandthirstfive
RadianDepth135_Tshirt30019.png,soft,Tshirt,onehundredandthirstfive
RadianDepth135_Tshirt30020.png,soft,Tshirt,onehundredandthirstfive
RadianDepth135_Tshirt30021.png,soft,Tshirt,onehundredandthirstfive
RadianDepth135_Tshirt30022.png,soft,Tshirt,onehundredandthirstfive
RadianDepth135_Tshirt30023.png,soft,Tshirt,onehundredandthirstfive
RadianDepth135_Tshirt30024.png,soft,Tshirt,onehundredandthirstfive
RadianDepth135_Tshirt30025.png,soft,Tshirt,onehundredandthirstfive
RadianDepth135_Tshirt30026.png,soft,Tshirt,onehundredandthirstfive
RadianDepth135_Tshirt30027.png,soft,Tshirt,onehundredandthirstfive
RadianDepth135_Tshirt30028.png,soft,Tshirt,onehundredandthirstfive
RadianDepth135_Tshirt30029.png,soft,Tshirt,onehundredandthirstfive
RadianDepth135_Tshirt30030.png,soft,Tshirt,onehundredandthirstfive
RadianDepth135_Tshirt30031.png,soft,Tshirt,onehundredandthirstfive
RadianDepth135_Tshirt30032.png,soft,Tshirt,onehundredandthirstfive
RadianDepth135_Tshirt30033.png,soft,Tshirt,onehundredandthirstfive
RadianDepth135_Tshirt30034.png,soft,Tshirt,onehundredandthirstfive
RadianDepth135_Tshirt30035.png,soft,Tshirt,onehundredandthirstfive
RadianDepth135_Tshirt30036.png,soft,Tshirt,onehundredandthirstfive
RadianDepth135_Tshirt30037.png,soft,Tshirt,onehundredandthirstfive
RadianDepth135_Tshirt30038.png,soft,Tshirt,onehundredandthirstfive
RadianDepth135_Tshirt30039.png,soft,Tshirt,onehundredandthirstfive
RadianDepth135_Tshirt30040.png,soft,Tshirt,onehundredandthirstfive
RadianDepth135_Tshirt30041.png,soft,Tshirt,onehundredandthirstfive
RadianDepth135_Tshirt30042.png,soft,Tshirt,onehundredandthirstfive
RadianDepth135_Tshirt30043.png,soft,Tshirt,onehundredandthirstfive
RadianDepth135_Tshirt30044.png,soft,Tshirt,onehundredandthirstfive
RadianDepth135_Tshirt30045.png,soft,Tshirt,onehundredandthirstfive
RadianDepth135_Tshirt30046.png,soft,Tshirt,onehundredandthirstfive
RadianDepth135_Tshirt30047.png,soft,Tshirt,onehundredandthirstfive
RadianDepth135_Tshirt30048.png,soft,Tshirt,onehundredandthirstfive
RadianDepth135_Tshirt30049.png,soft,Tshirt,onehundredandthirstfive
RadianDepth135_Tshirt30050.png,soft,Tshirt,onehundredandthirstfive
RadianDepth135_Tshirt30051.png,soft,Tshirt,onehundredandthirstfive
RadianDepth135_Tshirt30052.png,soft,Tshirt,onehundredandthirstfive
RadianDepth135_Tshirt30053.png,soft,Tshirt,onehundredandthirstfive
RadianDepth135_Tshirt30054.png,soft,Tshirt,onehundredandthirstfive
RadianDepth135_Tshirt30055.png,soft,Tshirt,onehundredandthirstfive
RadianDepth135_Tshirt30056.png,soft,Tshirt,onehundredandthirstfive
RadianDepth135_Tshirt30057.png,soft,Tshirt,onehundredandthirstfive
RadianDepth135_Tshirt30058.png,soft,Tshirt,onehundredandthirstfive
RadianDepth135_Tshirt30059.png,soft,Tshirt,onehundredandthirstfive
RadianDepth135_Tshirt30060.png,soft,Tshirt,onehundredandthirstfive
RadianDepth135_Tshirt30061.png,soft,Tshirt,onehundredandthirstfive
RadianDepth135_Tshirt30062.png,soft,Tshirt,onehundredandthirstfive
RadianDepth135_Tshirt30063.png,soft,Tshirt,onehundredandthirstfive
RadianDepth135_Tshirt30064.png,soft,Tshirt,onehundredandthirstfive
RadianDepth135_Tshirt30065.png,soft,Tshirt,onehundredandthirstfive
RadianDepth135_Tshirt30066.png,soft,Tshirt,onehundredandthirstfive
RadianDepth135_Tshirt30067.png,soft,Tshirt,onehundredandthirstfive
RadianDepth135_Tshirt30068.png,soft,Tshirt,onehundredandthirstfive
RadianDepth135_Tshirt30069.png,soft,Tshirt,onehundredandthirstfive
RadianDepth135_Tshirt30070.png,soft,Tshirt,onehundredandthirstfive
RadianDepth135_Tshirt30071.png,soft,Tshirt,onehundredandthirstfive
RadianDepth135_Tshirt30072.png,soft,Tshirt,onehundredandthirstfive
RadianDepth135_Tshirt30073.png,soft,Tshirt,onehundredandthirstfive
RadianDepth135_Tshirt30074.png,soft,Tshirt,onehundredandthirstfive
RadianDepth135_Tshirt30075.png,soft,Tshirt,onehundredandthirstfive
RadianDepth135_Tshirt30076.png,soft,Tshirt,onehundredandthirstfive
RadianDepth135_Tshirt30077.png,soft,Tshirt,onehundredandthirstfive
RadianDepth135_Tshirt30078.png,soft,Tshirt,onehundredandthirstfive
RadianDepth135_Tshirt30079.png,soft,Tshirt,onehundredandthirstfive
RadianDepth135_Tshirt30080.png,soft,Tshirt,onehundredandthirstfive
RadianDepth135_Tshirt30081.png,soft,Tshirt,onehundredandthirstfive
RadianDepth135_Tshirt30082.png,soft,Tshirt,onehundredandthirstfive
RadianDepth135_Tshirt30083.png,soft,Tshirt,onehundredandthirstfive
RadianDepth135_Tshirt30084.png,soft,Tshirt,onehundredandthirstfive
RadianDepth135_Tshirt30085.png,soft,Tshirt,onehundredandthirstfive
RadianDepth135_Tshirt30086.png,soft,Tshirt,onehundredandthirstfive
RadianDepth135_Tshirt30087.png,soft,Tshirt,onehundredandthirstfive
RadianDepth135_Tshirt30088.png,soft,Tshirt,onehundredandthirstfive
RadianDepth135_Tshirt30089.png,soft,Tshirt,onehundredandthirstfive
RadianDepth135_Tshirt30090.png,soft,Tshirt,onehundredandthirstfive
RadianDepth135_Tshirt30091.png,soft,Tshirt,onehundredandthirstfive
RadianDepth135_Tshirt30092.png,soft,Tshirt,onehundredandthirstfive
RadianDepth135_Tshirt30093.png,soft,Tshirt,onehundredandthirstfive
RadianDepth135_Tshirt30094.png,soft,Tshirt,onehundredandthirstfive
RadianDepth135_Tshirt30095.png,soft,Tshirt,onehundredandthirstfive
RadianDepth135_Tshirt30096.png,soft,Tshirt,onehundredandthirstfive
RadianDepth135_Tshirt30097.png,soft,Tshirt,onehundredandthirstfive
RadianDepth135_Tshirt30098.png,soft,Tshirt,onehundredandthirstfive
RadianDepth135_Tshirt30099.png,soft,Tshirt,onehundredandthirstfive
RadianDepth135_Tshirt30100.png,soft,Tshirt,onehundredandthirstfive
RadianDepth135_Tshirt40001.png,soft,Tshirt,onehundredandthirstfive
RadianDepth135_Tshirt40002.png,soft,Tshirt,onehundredandthirstfive
RadianDepth135_Tshirt40003.png,soft,Tshirt,onehundredandthirstfive
RadianDepth135_Tshirt40004.png,soft,Tshirt,onehundredandthirstfive
RadianDepth135_Tshirt40005.png,soft,Tshirt,onehundredandthirstfive
RadianDepth135_Tshirt40006.png,soft,Tshirt,onehundredandthirstfive
RadianDepth135_Tshirt40007.png,soft,Tshirt,onehundredandthirstfive
RadianDepth135_Tshirt40008.png,soft,Tshirt,onehundredandthirstfive
RadianDepth135_Tshirt40009.png,soft,Tshirt,onehundredandthirstfive
RadianDepth135_Tshirt40010.png,soft,Tshirt,onehundredandthirstfive
RadianDepth135_Tshirt40011.png,soft,Tshirt,onehundredandthirstfive
RadianDepth135_Tshirt40012.png,soft,Tshirt,onehundredandthirstfive
RadianDepth135_Tshirt40013.png,soft,Tshirt,onehundredandthirstfive
RadianDepth135_Tshirt40014.png,soft,Tshirt,onehundredandthirstfive
RadianDepth135_Tshirt40015.png,soft,Tshirt,onehundredandthirstfive
RadianDepth135_Tshirt40016.png,soft,Tshirt,onehundredandthirstfive
RadianDepth135_Tshirt40017.png,soft,Tshirt,onehundredandthirstfive
RadianDepth135_Tshirt40018.png,soft,Tshirt,onehundredandthirstfive
RadianDepth135_Tshirt40019.png,soft,Tshirt,onehundredandthirstfive
RadianDepth135_Tshirt40020.png,soft,Tshirt,onehundredandthirstfive
RadianDepth135_Tshirt40021.png,soft,Tshirt,onehundredandthirstfive
RadianDepth135_Tshirt40022.png,soft,Tshirt,onehundredandthirstfive
RadianDepth135_Tshirt40023.png,soft,Tshirt,onehundredandthirstfive
RadianDepth135_Tshirt40024.png,soft,Tshirt,onehundredandthirstfive
RadianDepth135_Tshirt40025.png,soft,Tshirt,onehundredandthirstfive
RadianDepth135_Tshirt40026.png,soft,Tshirt,onehundredandthirstfive
RadianDepth135_Tshirt40027.png,soft,Tshirt,onehundredandthirstfive
RadianDepth135_Tshirt40028.png,soft,Tshirt,onehundredandthirstfive
RadianDepth135_Tshirt40029.png,soft,Tshirt,onehundredandthirstfive
RadianDepth135_Tshirt40030.png,soft,Tshirt,onehundredandthirstfive
RadianDepth135_Tshirt40031.png,soft,Tshirt,onehundredandthirstfive
RadianDepth135_Tshirt40032.png,soft,Tshirt,onehundredandthirstfive
RadianDepth135_Tshirt40033.png,soft,Tshirt,onehundredandthirstfive
RadianDepth135_Tshirt40034.png,soft,Tshirt,onehundredandthirstfive
RadianDepth135_Tshirt40035.png,soft,Tshirt,onehundredandthirstfive
RadianDepth135_Tshirt40036.png,soft,Tshirt,onehundredandthirstfive
RadianDepth135_Tshirt40037.png,soft,Tshirt,onehundredandthirstfive
RadianDepth135_Tshirt40038.png,soft,Tshirt,onehundredandthirstfive
RadianDepth135_Tshirt40039.png,soft,Tshirt,onehundredandthirstfive
RadianDepth135_Tshirt40040.png,soft,Tshirt,onehundredandthirstfive
RadianDepth135_Tshirt40041.png,soft,Tshirt,onehundredandthirstfive
RadianDepth135_Tshirt40042.png,soft,Tshirt,onehundredandthirstfive
RadianDepth135_Tshirt40043.png,soft,Tshirt,onehundredandthirstfive
RadianDepth135_Tshirt40044.png,soft,Tshirt,onehundredandthirstfive
RadianDepth135_Tshirt40045.png,soft,Tshirt,onehundredandthirstfive
RadianDepth135_Tshirt40046.png,soft,Tshirt,onehundredandthirstfive
RadianDepth135_Tshirt40047.png,soft,Tshirt,onehundredandthirstfive
RadianDepth135_Tshirt40048.png,soft,Tshirt,onehundredandthirstfive
RadianDepth135_Tshirt40049.png,soft,Tshirt,onehundredandthirstfive
RadianDepth135_Tshirt40050.png,soft,Tshirt,onehundredandthirstfive
RadianDepth135_Tshirt40051.png,soft,Tshirt,onehundredandthirstfive
RadianDepth135_Tshirt40052.png,soft,Tshirt,onehundredandthirstfive
RadianDepth135_Tshirt40053.png,soft,Tshirt,onehundredandthirstfive
RadianDepth135_Tshirt40054.png,soft,Tshirt,onehundredandthirstfive
RadianDepth135_Tshirt40055.png,soft,Tshirt,onehundredandthirstfive
RadianDepth135_Tshirt40056.png,soft,Tshirt,onehundredandthirstfive
RadianDepth135_Tshirt40057.png,soft,Tshirt,onehundredandthirstfive
RadianDepth135_Tshirt40058.png,soft,Tshirt,onehundredandthirstfive
RadianDepth135_Tshirt40059.png,soft,Tshirt,onehundredandthirstfive
RadianDepth135_Tshirt40060.png,soft,Tshirt,onehundredandthirstfive
RadianDepth135_Tshirt40061.png,soft,Tshirt,onehundredandthirstfive
RadianDepth135_Tshirt40062.png,soft,Tshirt,onehundredandthirstfive
RadianDepth135_Tshirt40063.png,soft,Tshirt,onehundredandthirstfive
RadianDepth135_Tshirt40064.png,soft,Tshirt,onehundredandthirstfive
RadianDepth135_Tshirt40065.png,soft,Tshirt,onehundredandthirstfive
RadianDepth135_Tshirt40066.png,soft,Tshirt,onehundredandthirstfive
RadianDepth135_Tshirt40067.png,soft,Tshirt,onehundredandthirstfive
RadianDepth135_Tshirt40068.png,soft,Tshirt,onehundredandthirstfive
RadianDepth135_Tshirt40069.png,soft,Tshirt,onehundredandthirstfive
RadianDepth135_Tshirt40070.png,soft,Tshirt,onehundredandthirstfive
RadianDepth135_Tshirt40071.png,soft,Tshirt,onehundredandthirstfive
RadianDepth135_Tshirt40072.png,soft,Tshirt,onehundredandthirstfive
RadianDepth135_Tshirt40073.png,soft,Tshirt,onehundredandthirstfive
RadianDepth135_Tshirt40074.png,soft,Tshirt,onehundredandthirstfive
RadianDepth135_Tshirt40075.png,soft,Tshirt,onehundredandthirstfive
RadianDepth135_Tshirt40076.png,soft,Tshirt,onehundredandthirstfive
RadianDepth135_Tshirt40077.png,soft,Tshirt,onehundredandthirstfive
RadianDepth135_Tshirt40078.png,soft,Tshirt,onehundredandthirstfive
RadianDepth135_Tshirt40079.png,soft,Tshirt,onehundredandthirstfive
RadianDepth135_Tshirt40080.png,soft,Tshirt,onehundredandthirstfive
RadianDepth135_Tshirt40081.png,soft,Tshirt,onehundredandthirstfive
RadianDepth135_Tshirt40082.png,soft,Tshirt,onehundredandthirstfive
RadianDepth135_Tshirt40083.png,soft,Tshirt,onehundredandthirstfive
RadianDepth135_Tshirt40084.png,soft,Tshirt,onehundredandthirstfive
RadianDepth135_Tshirt40085.png,soft,Tshirt,onehundredandthirstfive
RadianDepth135_Tshirt40086.png,soft,Tshirt,onehundredandthirstfive
RadianDepth135_Tshirt40087.png,soft,Tshirt,onehundredandthirstfive
RadianDepth135_Tshirt40088.png,soft,Tshirt,onehundredandthirstfive
RadianDepth135_Tshirt40089.png,soft,Tshirt,onehundredandthirstfive
RadianDepth135_Tshirt40090.png,soft,Tshirt,onehundredandthirstfive
RadianDepth135_Tshirt40091.png,soft,Tshirt,onehundredandthirstfive
RadianDepth135_Tshirt40092.png,soft,Tshirt,onehundredandthirstfive
RadianDepth135_Tshirt40093.png,soft,Tshirt,onehundredandthirstfive
RadianDepth135_Tshirt40094.png,soft,Tshirt,onehundredandthirstfive
RadianDepth135_Tshirt40095.png,soft,Tshirt,onehundredandthirstfive
RadianDepth135_Tshirt40096.png,soft,Tshirt,onehundredandthirstfive
RadianDepth135_Tshirt40097.png,soft,Tshirt,onehundredandthirstfive
RadianDepth135_Tshirt40098.png,soft,Tshirt,onehundredandthirstfive
RadianDepth135_Tshirt40099.png,soft,Tshirt,onehundredandthirstfive
RadianDepth135_Tshirt40100.png,soft,Tshirt,onehundredandthirstfive
